id,category,password,recovered,hit_strategy,tested,seconds,stop_reason,space_hit_arms,reason,error,plan_arms
C001,dict+num,summer2023,False,,0,0.1,,,候选空间未覆盖：当前生成栈产不出该口令,,"S1:20,S2:1192,S3:1820,S6:0,S7:0"
C002,dict+num,dragon88,False,,0,0.0,,,候选空间未覆盖：当前生成栈产不出该口令,,"S1:20,S2:1192,S3:1820,S6:0,S7:0"
C003,dict+num,coffee2024,False,,0,0.0,,,候选空间未覆盖：当前生成栈产不出该口令,,"S1:20,S2:1192,S3:1820,S6:0,S7:0"
C004,dict+num,monkey123,False,,0,0.1,,"S2,S3","候选空间覆盖（S2,S3）",,"S1:20,S2:1192,S3:1820,S6:0,S7:0"
C005,dict+num,flower99,False,,0,0.0,,,候选空间未覆盖：当前生成栈产不出该口令,,"S1:20,S2:1192,S3:1820,S6:0,S7:0"
C006,dict+num,guitar007,False,,0,0.0,,,候选空间未覆盖：当前生成栈产不出该口令,,"S1:20,S2:1192,S3:1820,S6:0,S7:0"
C007,dict+num,banana2020,False,,0,0.0,,,候选空间未覆盖：当前生成栈产不出该口令,,"S1:20,S2:1192,S3:1820,S6:0,S7:0"
C008,dict+num,rocket42,False,,0,0.0,,,候选空间未覆盖：当前生成栈产不出该口令,,"S1:20,S2:1192,S3:1820,S6:0,S7:0"
C009,dict+num,silver77,False,,0,0.0,,,候选空间未覆盖：当前生成栈产不出该口令,,"S1:20,S2:1192,S3:1820,S6:0,S7:0"
C010,dict+num,thunder21,False,,0,0.0,,,候选空间未覆盖：当前生成栈产不出该口令,,"S1:20,S2:1192,S3:1820,S6:0,S7:0"
C011,dict+symbol,P@ssw0rd2024,False,,0,0.0,,,候选空间未覆盖：当前生成栈产不出该口令,,"S1:20,S2:1192,S3:1820,S6:0,S7:0"
C012,dict+symbol,Dr@gon!88,False,,0,0.0,,,候选空间未覆盖：当前生成栈产不出该口令,,"S1:20,S2:1192,S3:1820,S6:0,S7:0"
C013,dict+symbol,C0ffee@7,False,,0,0.0,,,候选空间未覆盖：当前生成栈产不出该口令,,"S1:20,S2:1192,S3:1820,S6:0,S7:0"
C014,dict+symbol,Monkey#123,False,,0,0.0,,,候选空间未覆盖：当前生成栈产不出该口令,,"S1:20,S2:1192,S3:1820,S6:0,S7:0"
C015,dict+symbol,H0use!2021,False,,0,0.0,,,候选空间未覆盖：当前生成栈产不出该口令,,"S1:20,S2:1192,S3:1820,S6:0,S7:0"
C016,dict+symbol,Sh@dow99,False,,0,0.0,,,候选空间未覆盖：当前生成栈产不出该口令,,"S1:20,S2:1192,S3:1820,S6:0,S7:0"
C017,dict+symbol,Summ3r!23,False,,0,0.0,,,候选空间未覆盖：当前生成栈产不出该口令,,"S1:20,S2:1192,S3:1820,S6:0,S7:0"
C018,dict+symbol,Winter#2024,False,,0,0.0,,,候选空间未覆盖：当前生成栈产不出该口令,,"S1:20,S2:1192,S3:1820,S6:0,S7:0"
C019,dict+symbol,Rocket@21,False,,0,0.0,,,候选空间未覆盖：当前生成栈产不出该口令,,"S1:20,S2:1192,S3:1820,S6:0,S7:0"
C020,dict+symbol,Fl0wer!7,False,,0,0.0,,,候选空间未覆盖：当前生成栈产不出该口令,,"S1:20,S2:1192,S3:1820,S6:0,S7:0"
C021,pinyin+num,woaini1314,False,,0,0.1,,,候选空间未覆盖：当前生成栈产不出该口令,,"S1:20,S2:1192,S3:1820,S6:0,S7:0"
C022,pinyin+num,wodemima888,False,,0,0.1,,,候选空间未覆盖：当前生成栈产不出该口令,,"S1:20,S2:1192,S3:1820,S6:0,S7:0"
C023,pinyin+num,zhongguo2023,False,,0,0.1,,,候选空间未覆盖：当前生成栈产不出该口令,,"S1:20,S2:1192,S3:1820,S6:0,S7:0"
C024,pinyin+num,beijing2008,False,,0,0.1,,,候选空间未覆盖：当前生成栈产不出该口令,,"S1:20,S2:1192,S3:1820,S6:0,S7:0"
C025,pinyin+num,shanghai2020,False,,0,0.1,,,候选空间未覆盖：当前生成栈产不出该口令,,"S1:20,S2:1192,S3:1820,S6:0,S7:0"
C026,pinyin+num,xuexi1234,False,,0,0.1,,,候选空间未覆盖：当前生成栈产不出该口令,,"S1:20,S2:1192,S3:1820,S6:0,S7:0"
C027,pinyin+num,gongzuo2024,False,,0,0.1,,,候选空间未覆盖：当前生成栈产不出该口令,,"S1:20,S2:1192,S3:1820,S6:0,S7:0"
C028,pinyin+num,jiating666,False,,0,0.1,,,候选空间未覆盖：当前生成栈产不出该口令,,"S1:20,S2:1192,S3:1820,S6:0,S7:0"
C029,pinyin+num,pengyou520,False,,0,0.1,,,候选空间未覆盖：当前生成栈产不出该口令,,"S1:20,S2:1192,S3:1820,S6:0,S7:0"
C030,pinyin+num,laoshi888,False,,0,0.1,,,候选空间未覆盖：当前生成栈产不出该口令,,"S1:20,S2:1192,S3:1820,S6:0,S7:0"
C031,pii,zhangsan1998,False,,0,0.1,,S4,候选空间覆盖（S4）,,"S1:20,S2:1192,S3:1452,S4:239,S6:0,S7:0"
C032,pii,Xiaoming_01,False,,0,0.1,,,候选空间未覆盖：当前生成栈产不出该口令,,"S1:20,S2:1192,S3:1452,S4:239,S6:0,S7:0"
C033,pii,zhangsan0305,False,,0,0.1,,,候选空间未覆盖：当前生成栈产不出该口令,,"S1:20,S2:1192,S3:1452,S4:239,S6:0,S7:0"
C034,pii,Xiaoming1998,False,,0,0.0,,,候选空间未覆盖：当前生成栈产不出该口令,,"S1:20,S2:1192,S3:1452,S4:239,S6:0,S7:0"
C035,pii,zhangsan7788,False,,0,0.1,,,候选空间未覆盖：当前生成栈产不出该口令,,"S1:20,S2:1192,S3:1452,S4:239,S6:0,S7:0"
C036,pii,Zhangsan2024,False,,0,0.1,,,候选空间未覆盖：当前生成栈产不出该口令,,"S1:20,S2:1192,S3:1452,S4:239,S6:0,S7:0"
C037,pii,xiaoming2001,False,,0,0.1,,,候选空间未覆盖：当前生成栈产不出该口令,,"S1:20,S2:1192,S3:1452,S4:239,S6:0,S7:0"
C038,pii,zhangsan_1998,False,,0,0.1,,,候选空间未覆盖：当前生成栈产不出该口令,,"S1:20,S2:1192,S3:1452,S4:239,S6:0,S7:0"
C039,pii,Xiaoming#1998,False,,0,0.1,,,候选空间未覆盖：当前生成栈产不出该口令,,"S1:20,S2:1192,S3:1452,S4:239,S6:0,S7:0"
C040,pii,zhangsan.work,False,,0,0.1,,S4,候选空间覆盖（S4）,,"S1:20,S2:1192,S3:1452,S4:239,S6:0,S7:0"
C041,reuse,Sunshine2023#,False,,0,0.1,,,候选空间未覆盖：当前生成栈产不出该口令,,"S1:20,S2:1192,S3:1820,S4:378,S6:0,S7:0"
C042,reuse,Admin@2025,False,,0,0.1,,S4,候选空间覆盖（S4）,,"S1:20,S2:1192,S3:1820,S4:378,S6:0,S7:0"
C043,reuse,Hunter2!2024,False,,0,0.1,,S4,候选空间覆盖（S4）,,"S1:20,S2:1192,S3:1820,S4:378,S6:0,S7:0"
C044,reuse,Qwerty2024,False,,0,0.2,,"S2,S3,S4","候选空间覆盖（S2,S3,S4）",,"S1:20,S2:1192,S3:1820,S4:378,S6:0,S7:0"
C045,reuse,sunshine2023!,False,,0,0.1,,S4,候选空间覆盖（S4）,,"S1:20,S2:1192,S3:1820,S4:378,S6:0,S7:0"
C046,reuse,Admin@2020!,False,,0,0.1,,S4,候选空间覆盖（S4）,,"S1:20,S2:1192,S3:1820,S4:378,S6:0,S7:0"
C047,reuse,hunter2!2018,False,,0,0.0,,S4,候选空间覆盖（S4）,,"S1:20,S2:1192,S3:1820,S4:378,S6:0,S7:0"
C048,reuse,Qwerty2019!,False,,0,0.1,,S4,候选空间覆盖（S4）,,"S1:20,S2:1192,S3:1820,S4:378,S6:0,S7:0"
C049,reuse,Sunshine2019,False,,0,0.1,,,候选空间未覆盖：当前生成栈产不出该口令,,"S1:20,S2:1192,S3:1820,S4:378,S6:0,S7:0"
C050,reuse,Admin2025,False,,0,0.1,,"S2,S3","候选空间覆盖（S2,S3）",,"S1:20,S2:1192,S3:1820,S4:378,S6:0,S7:0"
C051,keyboard,1qaz2wsx,False,,0,0.1,,,候选空间未覆盖：当前生成栈产不出该口令,,"S1:20,S2:1192,S3:1820,S6:0,S7:0"
C052,keyboard,qazwsx123,False,,0,0.1,,,候选空间未覆盖：当前生成栈产不出该口令,,"S1:20,S2:1192,S3:1820,S6:0,S7:0"
C053,keyboard,zxcvbnm!,False,,0,0.1,,,候选空间未覆盖：当前生成栈产不出该口令,,"S1:20,S2:1192,S3:1820,S6:0,S7:0"
C054,keyboard,1q2w3e4r,False,,0,0.1,,"S1,S3","候选空间覆盖（S1,S3）",,"S1:20,S2:1192,S3:1820,S6:0,S7:0"
C055,keyboard,asdfghjkl1,False,,0,0.1,,,候选空间未覆盖：当前生成栈产不出该口令,,"S1:20,S2:1192,S3:1820,S6:0,S7:0"
C056,keyboard,qwerty789,False,,0,0.1,,,候选空间未覆盖：当前生成栈产不出该口令,,"S1:20,S2:1192,S3:1820,S6:0,S7:0"
C057,keyboard,poiuytrewq,False,,0,0.1,,,候选空间未覆盖：当前生成栈产不出该口令,,"S1:20,S2:1192,S3:1820,S6:0,S7:0"
C058,keyboard,1qaz@wsx,False,,0,0.0,,,候选空间未覆盖：当前生成栈产不出该口令,,"S1:20,S2:1192,S3:1820,S6:0,S7:0"
C059,keyboard,zxcasdqwe,False,,0,0.1,,,候选空间未覆盖：当前生成栈产不出该口令,,"S1:20,S2:1192,S3:1820,S6:0,S7:0"
C060,keyboard,qweasdzxc2,False,,0,0.1,,,候选空间未覆盖：当前生成栈产不出该口令,,"S1:20,S2:1192,S3:1820,S6:0,S7:0"
C061,phrase,correct-horse,False,,0,0.1,,,候选空间未覆盖：当前生成栈产不出该口令,,"S1:20,S2:1192,S3:1820,S6:0,S7:0"
C062,phrase,iloveyou2,False,,0,0.2,,,候选空间未覆盖：当前生成栈产不出该口令,,"S1:20,S2:1192,S3:1820,S6:0,S7:0"
C063,phrase,letmein123,False,,0,0.1,,"S2,S3","候选空间覆盖（S2,S3）",,"S1:20,S2:1192,S3:1820,S6:0,S7:0"
C064,phrase,mypassword2024,False,,0,0.1,,,候选空间未覆盖：当前生成栈产不出该口令,,"S1:20,S2:1192,S3:1820,S6:0,S7:0"
C065,phrase,trustno1,False,,0,0.1,,,候选空间未覆盖：当前生成栈产不出该口令,,"S1:20,S2:1192,S3:1820,S6:0,S7:0"
C066,phrase,opensesame,False,,0,0.1,,,候选空间未覆盖：当前生成栈产不出该口令,,"S1:20,S2:1192,S3:1820,S6:0,S7:0"
C067,phrase,helloworld88,False,,0,0.1,,,候选空间未覆盖：当前生成栈产不出该口令,,"S1:20,S2:1192,S3:1820,S6:0,S7:0"
C068,phrase,goodmorning7,False,,0,0.1,,,候选空间未覆盖：当前生成栈产不出该口令,,"S1:20,S2:1192,S3:1820,S6:0,S7:0"
C069,phrase,ilovechina2020,False,,0,0.0,,,候选空间未覆盖：当前生成栈产不出该口令,,"S1:20,S2:1192,S3:1820,S6:0,S7:0"
C070,phrase,welcometothejungle,False,,0,0.1,,,候选空间未覆盖：当前生成栈产不出该口令,,"S1:20,S2:1192,S3:1820,S6:0,S7:0"
C071,leet,Tr0ub4dor&3,False,,0,0.0,,,候选空间未覆盖：当前生成栈产不出该口令,,"S1:20,S2:1192,S3:1820,S6:0,S7:0"
C072,leet,P@ssw0rd!,False,,0,0.1,,,候选空间未覆盖：当前生成栈产不出该口令,,"S1:20,S2:1192,S3:1820,S6:0,S7:0"
C073,leet,Adm1n1str@tor,False,,0,0.1,,,候选空间未覆盖：当前生成栈产不出该口令,,"S1:20,S2:1192,S3:1820,S6:0,S7:0"
C074,leet,S3cur1ty2024,False,,0,0.1,,,候选空间未覆盖：当前生成栈产不出该口令,,"S1:20,S2:1192,S3:1820,S6:0,S7:0"
C075,leet,H@ck3r2020,False,,0,0.1,,,候选空间未覆盖：当前生成栈产不出该口令,,"S1:20,S2:1192,S3:1820,S6:0,S7:0"
C076,leet,M@st3rP13ce,False,,0,0.1,,,候选空间未覆盖：当前生成栈产不出该口令,,"S1:20,S2:1192,S3:1820,S6:0,S7:0"
C077,leet,D@rkN1ght99,False,,0,0.1,,,候选空间未覆盖：当前生成栈产不出该口令,,"S1:20,S2:1192,S3:1820,S6:0,S7:0"
C078,leet,Bl@ckW1d0w,False,,0,0.1,,,候选空间未覆盖：当前生成栈产不出该口令,,"S1:20,S2:1192,S3:1820,S6:0,S7:0"
C079,leet,Cyb3rPunk2077,False,,0,0.1,,,候选空间未覆盖：当前生成栈产不出该口令,,"S1:20,S2:1192,S3:1820,S6:0,S7:0"
C080,leet,N3v3rG0nna,False,,0,0.1,,,候选空间未覆盖：当前生成栈产不出该口令,,"S1:20,S2:1192,S3:1820,S6:0,S7:0"
C081,cn+mixed,密码123,False,,0,0.1,,,候选空间未覆盖：当前生成栈产不出该口令,,"S1:20,S2:1192,S3:1452,S4:239,S6:0,S7:0"
C082,cn+mixed,我的密码2024,False,,0,0.0,,,候选空间未覆盖：当前生成栈产不出该口令,,"S1:20,S2:1192,S3:1452,S4:239,S6:0,S7:0"
C083,cn+mixed,张三@1998,False,,0,0.1,,,候选空间未覆盖：当前生成栈产不出该口令,,"S1:20,S2:1192,S3:1452,S4:239,S6:0,S7:0"
C084,cn+mixed,生日快乐2024,False,,0,0.1,,,候选空间未覆盖：当前生成栈产不出该口令,,"S1:20,S2:1192,S3:1452,S4:239,S6:0,S7:0"
C085,cn+mixed,woaini520!,False,,0,0.1,,,候选空间未覆盖：当前生成栈产不出该口令,,"S1:20,S2:1192,S3:1452,S4:239,S6:0,S7:0"
C086,cn+mixed,xiaoming_2001,False,,0,0.1,,,候选空间未覆盖：当前生成栈产不出该口令,,"S1:20,S2:1192,S3:1452,S4:239,S6:0,S7:0"
C087,cn+mixed,zhang@123,False,,0,0.1,,,候选空间未覆盖：当前生成栈产不出该口令,,"S1:20,S2:1192,S3:1452,S4:239,S6:0,S7:0"
C088,cn+mixed,123456abc,False,,0,0.1,,,候选空间未覆盖：当前生成栈产不出该口令,,"S1:20,S2:1192,S3:1452,S4:239,S6:0,S7:0"
C089,cn+mixed,a1b2c3d4,False,,0,0.2,,,候选空间未覆盖：当前生成栈产不出该口令,,"S1:20,S2:1192,S3:1452,S4:239,S6:0,S7:0"
C090,cn+mixed,password!@#2024,False,,0,0.1,,,候选空间未覆盖：当前生成栈产不出该口令,,"S1:20,S2:1192,S3:1452,S4:239,S6:0,S7:0"
C091,hard(对照),X7#kL9$mQ2,False,,0,0.1,,,候选空间未覆盖：当前生成栈产不出该口令,,"S1:20,S2:1192,S3:1820,S6:0,S7:0"
C092,hard(对照),vN4$tR8*wZ,False,,0,0.1,,,候选空间未覆盖：当前生成栈产不出该口令,,"S1:20,S2:1192,S3:1820,S6:0,S7:0"
C093,hard(对照),9f2K!pQ7#x,False,,0,0.0,,,候选空间未覆盖：当前生成栈产不出该口令,,"S1:20,S2:1192,S3:1820,S6:0,S7:0"
C094,hard(对照),m3L$vB8nQ1!,False,,0,0.1,,,候选空间未覆盖：当前生成栈产不出该口令,,"S1:20,S2:1192,S3:1820,S6:0,S7:0"
C095,hard(对照),Zx9!Rk2#Wt,False,,0,0.1,,,候选空间未覆盖：当前生成栈产不出该口令,,"S1:20,S2:1192,S3:1820,S6:0,S7:0"
C096,hard(对照),7uJ#pL4$xN,False,,0,0.1,,,候选空间未覆盖：当前生成栈产不出该口令,,"S1:20,S2:1192,S3:1820,S6:0,S7:0"
C097,hard(对照),Qw8$Zr3!Vm,False,,0,0.1,,,候选空间未覆盖：当前生成栈产不出该口令,,"S1:20,S2:1192,S3:1820,S6:0,S7:0"
C098,hard(对照),Lk5#Bn9$Xy,False,,0,0.1,,,候选空间未覆盖：当前生成栈产不出该口令,,"S1:20,S2:1192,S3:1820,S6:0,S7:0"
C099,hard(对照),Tf2!Wq7#Rp,False,,0,0.1,,,候选空间未覆盖：当前生成栈产不出该口令,,"S1:20,S2:1192,S3:1820,S6:0,S7:0"
C100,hard(对照),8hM$xK4!Vd,False,,0,0.0,,,候选空间未覆盖：当前生成栈产不出该口令,,"S1:20,S2:1192,S3:1820,S6:0,S7:0"
